{
  "lang":"es",
  "name":"pipeline",
  "version":"0.0.0",
  "spacy_version":">=3.2.4,<3.3.0",
  "description":"",
  "author":"",
  "email":"",
  "url":"",
  "license":"",
  "spacy_git_version":"b50fe5ec6",
  "vectors":{
    "width":0,
    "vectors":0,
    "keys":0,
    "name":null,
    "mode":"default"
  },
  "labels":{
    "tok2vec":[

    ],
    "relation_extractor":[
      "SE\u00d1ALA",
      "AGREDIO",
      "EN",
      "ES",
      "CONEXION"
    ]
  },
  "pipeline":[
    "tok2vec",
    "relation_extractor"
  ],
  "components":[
    "tok2vec",
    "relation_extractor"
  ],
  "disabled":[

  ],
  "performance":{
    "rel_micro_p":0.4342105263,
    "rel_micro_r":0.2391304348,
    "rel_micro_f":0.308411215,
    "tok2vec_loss":0.2493755135,
    "relation_extractor_loss":15.2334941011
  }
}